1,12" Rough Toilet Tank,
2,12" Rough Toilet Tank Right Hand Flush,
3,10" Rough Toilet Tank,
4,14" Rough Toilet Tank,
5,Round Front Toilet Bowl,
6,Elongated Toilet Bowl,
7,ADA Handicap Toilet Bowl,
8,AS Cadet Pro 12" Rough Toilet Bowl,
9,AS Cadet Pro 12" Tank,
10,19" x 16" Oval Basin Undermount,
11,20" x 17" Oval Basin - Drop-In,
12,19" Round Basin - Drop-In,
13,19" Round Basin Undermount,
14,Pedestal Basin,
15,Pedestal Base,
16,Wall Hung Basin ADA,
17,SS Kitchen Sink Undermount,
18,SS Kitchen Sink 3 Hole Drop-in 6" Depth,
19,SS Kitchen Sink 4-Hole Drop-In 6" Depth,
20,SS Kitchen Sink 4-Hole Drop-In 8" Depth,
21,White Effiency Kitchen Sink 4 hole,
22,2" Floor Sink,
23,Toilet Seats Elongated Split Front  (Plastic),(6 Per Box)
24,Toilet Seat Round Bowl (Plastic),(6 Per Box)
25,Toilet Seat Round Bowl (Wood),(6 Per Box)
26,Toilet Seats Elongated Bowl (Plastic),(6 Per Box)
27,Toilet Seats Elongated Bowl (Wood),(6 Per Box)
28,40 gal. Electric Water Heater,
29,50 gal Electric Water Heater ,
30,40 Gallon Gas Water Heater,
31,50 Gallon Gas Water Heater,
32,40 Gallon Power Direct Vent Gas Water Heater,
33,50 Gallon Power Direct Vent Gas Water Heater,
34,75 Gallon Power Direct Vent Gas Water Heater,
35,180,000 Tankless Water Heater (2" Vent),
36,199,000 Tankless Water Heater (2" Vent),
37,Tankless Water Isolation Valve Kit (No Charge with WH Purchase),
38,Water Heater Drop Tube for popoff,
39,32 x 60 Combo Washer/Dryer Pan,
40,Washing Machine Pan w/Drain,
41,Washer Pan Plastic,(12 Per Box)
42,Water Heater Pan 22" Round Aluminum,
43,Water Heater Pan 24" Round Aluminum,
44,Laundry Sink 22x25 Drop-In,
45,Laundry Sink 17x20 Drop-In,
46,Utility/Laundry Sink w/Legs,
47,Laundry Sink Wall Hung,
48,Laundry Sink w/o Holes,
49,Softner,
50,Nuvo Manor Softener,
51,Manor cartridge,
52,Nuvo Home Softener,
53,Home cartridge,
54,Nuvo Studio Softener,
55,Studio cartridge,
56,Water Softener 32,000 Timed,
57,Water Softener 48,000 Timed,
58,Water Softener 60,000 Timed,
59,Water Softener 32,000 Digital On Demand,
60,Water Softener 48,000 Digital On Demand,
61,Water Softener 60,000 Digital On Demand,
62,Water Softener 70,000 Digital On Demand,
63,Water Softener 90,000 Digital OnDemand,
64,Kitchen Sink Faucet w/o Spray,(12 Per Case)
65,Kitchen Sink Faucet w/Spray,(12 Per Case)
66,Lav. Faucet,
67,Laundry Valve,
68,Roman Tub Rough In Valve w/Hand Held,
69,Roman Tub Rough In Valve,
70,Roman Tub Trim Kit,
71,Positemp Pex Rough-In Valve,(12 Per Case)
72,Positemp Sweat Rough-in Valve,(12 Per Case)
73,Moentrol Rough-In Valve  ,(12 Per Case)
74,Chateau Tub and Shower Trim,(12 Per Case)
75,Chateau Shower Trim,(12 Per Case)
76,Integra Pull-Out Kitchen Faucet,
77,Integra Pull-Out Kitchen Faucet (SS),
78,Arbor Chrome Kitchen Faucet,
79,Arbor SRS Kitchen Faucet,
80,Arbor ORB Kitchen Facuet,
81,Brantford Chrome Ktichen Faucet,
82,Brantford SRS Ktichen Faucet,
83,Brantford ORB Ktichen Faucet,
84,Inegra Chrome Kitchen Faucet,
85,Integra SRS Kitchen Faucet,
86,Camerist Chrome Kitchen Faucet,
87,Camerist SRS Ktichen Faucet,
88,Eva 2H Chrome Bathroom Faucet,
89,Eva 2H BN Bathroom Faucet,
90,Eva 2H ORB Bathroom Faucet,
91,Eva Chrome Valve Only Trim,
92,Eva BN Valve Only Trim,
93,Eva ORB Valve Only Trim,
94,Eva Chrome Shower Trim Only,
95,Eva BN Shower Trim Only,
96,Eva ORB Shower Trim Only,
97,Eva Chrome Tub Shower Trim,
98,Eva BN Tub Shower Trim,
99,Eva ORB Tub Shower Trim,
100,Brantford 2H Chrome Bathroom Faucet,
101,Brantford 2H BN Bathroom Faucet,
102,Brantford 2H ORB Bathroom Faucet,
103,Brantford Chrome Valve Only Trim,
104,Brantford BN Valve Only Trim,
105,Brantford ORB Valve Only Trim,
106,Brantford Chrome Shower Only Trim,
107,Brantford BN Shower Only Trim,
108,Brantford ORB Shower Only Trim,
109,Brantford Chrome Tub Shower Trim,
110,Brantford BN Tub Shower Trim,
111,Brantford ORB Tub Shower Trim,
112,Moen Service Sink Faucet,
113,Chateau Chrome Bathroom Faucet,
114,Chateau Chrome Shower Only Trim,
115,Chateau Chrome Tub Shower Trim,
116,Chateau Chrme Kitchen Faucet,
117,Lav Faucet chrome,
118,Kitchen Faucet chrome,
119,Tub shower valve pex,
120,Tub shower trim chrome big shower head,
121,Shower Only Valve Pex,
122,Cornerstone Chrome Lav Faucet,
123,Double Wall 4 x 12 Flex Connector,
124,Double Wall 4 x 24 Flex Connector,
125,Double Wall 4 x 36 Flex Connector,
126,Double Wall 4 x 48 Flex Connector,
127,Double Wall 4 x 60 Flex Connector,
128,Double Wall 4 x 6 Increaser,
129,Double Wall 4 x 5 Increaser,
130,4" Double Wall Tee,
131,4" 90 Double Wall Adjustable Ell,
132,5" 90 Double Wall Adjustable Ell,
133,4" Adjustable Single Wall Alum 90 *,
134,4" x 3' Single Wall Pipe,
135,1 1/2" Medium Flue Screws,(1000 Per Box)
136,Basket Strainer Shallow,
137,Basket Strainer Deep,
138,1 1/2" Tube P Traps - PVC,(50 Per Box)
139,1 1/2" Slip Extension - PVC,(25 Per Box)
140,1 1/2" Double Flange Tail Piece - PVC,(25 Per Box)
141,12" Closet Supply Tube,(100 Per Box)
142,20" Lav. Supply Tube,(100 Per Box)
143,36" Lav. Supply Tube,(50 Per Box)
144,Dishwasher Disposal Connection Boot,
145,Hose Clamps  9/16" - 1 1/4,(12 Per Box)
146,3/8" Plastic Ferrules,(100 Per Bag)
147,Chrome KS Hole Cover,
148,White KS Hole Cover,
149,5/8 Chrome Escutcheon Flange,(50 Per Bag)
150,5/8 White Plastic Escutcheon Flange,(50 Per Bag)
151,Toilet Bolts (Plastic),(100 Per Box)
152,Toilet Bolts Long (Plastic),(100 Per Box)
153,Toilet Wax Ring,(48 Per Box)
154,Toilet Wax w/Horn,(24 Per Box)
155,Toilet Wax w/Horn - Extra Thick,(24 Per Box)
156,Straight Stop - Pex,
157,Angle Stop - Pex,
158,Straight Stop - Copper,
159,Angle Stop - Copper,
160,3/4" Hose X 3/8" Compression Dishwasher Elbow,
161,Dishwasher Ell hose ,
162,1/2" Copper by 1/4" Stop,
163,1/4" Compression Nut,(10 Per Bag)
164,1/4" Plastic Farrels,(100 Per Bag)
165,Evergrind 1 1/3 HP Garbage Disposal w/Cord,
166,Evergrind 2  1/2 HP Garbage Disposal w/Cord,
167,Badger 5 (1/2 HP) Garbage Disposal w/Cord,
168,Badger 5XP (3/4 HP) Garbage Disposal w/Cord,
169,Expansion Tank Tee,(10 Per Box)
170,2 gal Thermal Expansion Tank,
171,4.4 gal Thermal Expansion Tank,
172,3/4" FIP x 3/4" Pex 18" Water Heater Drop Hot (Pex),
173,3/4" Recirculation pump with timer and cord.,
174,Water Heater Cold/ Expansion tee/ Ball valve pex,
175,3/4" Female Dielectric Unions,(24 Per Box)
176,QuickBelt Water Heater Strap,(20 Per Box)
177,8" Plastic Snap-In Access Panel,(12 Per Box)
178,14" Plastic Snap-In Access Panel,(12 Per Box)
179,Duct Tape (2" x 60'),
180,Toilet Repair Pro-45,
181,Korky flapper red,
182,Closet Wedge Shims - Soft Plastic,(500 Per Jar)
183,Small Junior Duo Strainer 1 1/2" SS Body and Basket,
184,Tall Junior Duo Strainer 2 1/2" SS Body and Basket,
185,Studor Vent (PVC),
186,1 1/2" PVC Tray Adaptors,
187,Disposal ADA Gaurds,
188,P-trap Insulation Kit Lav guards,
189,Megaloc Pipe Thread Sealant (8 oz.),
190,Tub & Tile Caulking - White,(12 Per Box)
191,Tub & Tile Caulking - Clear,(12 Per Box)
192,10 oz Tube Silicone - White,(12 per box)
193,10 oz Tube Silicone - Clear,(12 per box)
194,2.8 oz Tube Silicone - White,(24 per box)
195,2.8 oz Tube Silicone - Clear,(24 per box)
196,4 1/4" Cleanout Cover Dome 2" - White Plastic,
197,5 1/4" Cleanout Cover Dome 3" - White Plastic,
198,4 1/4" Cleanout Cover Flat 2" - White Plastic,
199,5 1/4" Cleanout Cover Flat 3" - White Plastic,
200,Dishwasher Hose ,(50 ft Per Box)
201,3/8" Dishwasher Supply,(100 ft Roll)
202,1" PVC 90 Elbow,(50 Per Box)
203,1/4" Ice Maker Supply,(100 ft Roll)
204,1/2" Gas Cock,(12 Per Box)
205,1/2" Black 90,(50 Per Box)
206,1/2" Black Coupling,(40 Per Box)
207,1/2" Black Union,(40 Per Box)
208,1/2" Black Tee,(25 Per Box)
209,1/2" X 1/4" Black Bushing,
210,18" Gas Flex Connector,(25 Per Box)
211,36" Gas Flex Connector,(25 Per Box)
212,1/2" Schedule 40 Gas Pipe-Foreign,
213,3/4" Schedule 40 Gas Pipe-Foreign,
214,1 1/2" x 6" Black Nipple,
215,1 1/2" x 12" Black Nipple,
216,2" x 6" Black Nipple,
217,2" x 12" Black Nipple,
218,1 1/2" Black Forg. Coupling,
219,2" Black Forg. Coupling,
220,1 by Close  Black Nipple,
221,1 by 1 1/2 Black Nipple,
222,1 by 2 Black Nipple,
223,1 by 2 1/2 Black Nipple,
224,1 by 3 Black Nipple,
225,1 by 3 1/2 Black Nipple,
226,1 by 4 Black Nipple,
227,1 by 4 1/2 Black Nipple,
228,1 by 5 Black Nipple,
229,1 by 5 1/2 Black Nipple,
230,1 by 6 Black Nipple,
231,1/2 by Close Black Nipple,(25 Per Box)
232,1/2 by Short Black Nipple,(25 Per Box)
233,1/2 by 2 Black Nipple,(25 Per Box)
234,1/2 by 2 1/2 Black Nipple,(25 Per Box)
235,1/2 by 3 Black Nipple,(25 Per Box)
236,1/2 by 3 1/2 Black Nipple,(25 Per Box)
237,1/2 by 4 Black Nipple,(25 Per Box)
238,1/2 by 4 1/2 Black Nipple,(25 Per Box)
239,1/2 by 5 Black Nipple,(25 Per Box)
240,1/2 by 5 1/2 Black Nipple,(25 Per Box)
241,1/2 by 6 Black Nipple,(25 Per Box)
242,1/2 by 12 Black Nipple ,(25 Per Box)
243,1/2 by 18 Black Nipple,(5 Per Bundle)
244,1/2 by 24 Black Nipple,(5 Per Bundle)
245,1/2 by 36 Black Nipple,(5 Per Bundle)
246,1/2 by 48 Black Nipple,(5 Per Bundle)
247,1-1/2" X 12" Long Galv. Nipple,
248,2" X 12" Long Galv. Nipple,
249,2-1/2" X 12" Long Galv. Nipple,
250,2-1/2" escutcheon plate split ring IPS,
251,1" Galvanized 45 Elbow,
252,1/2 by Close Galv Nipple,(25 Per Box)
253,1/2 by Short Galv Nipple,(25 Per Box)
254,1/2 by 2 Galv Nipple,(25 Per Box)
255,1/2 by 2 1/2 Galv Nipple,(25 Per Box)
256,1/2 by 3 Galv Nipple,(25 Per Box)
257,1/2 by 3 1/2 Galv Nipple,(25 Per Box)
258,1/2 by 4 Galv Nipple,(25 Per Box)
259,1/2 by 4 1/2 Galv Nipple,(25 Per Box)
260,1/2 by 5 Galv Nipple,(25 Per Box)
261,1/2 by 5 1/2 Galv Nipple,(25 Per Box)
262,1/2 by 6 Galv Nipple,(25 Per Box)
263,1/2" PVC Schedule 40 Pipe,(20' Pieces)
264,3/4" PVC Schedule 40 Pipe,(20' Pieces)
265,1" PVC Schedule 40 Pipe,(20' Pieces)
266,1 1/2" PVC Schedule 40 Foam Core Pipe,(20' Pieces)
267,2" PVC Schedule 40 Foam Core Pipe,(20' Pieces)
268,3" PVC Schedule 40 Foam Core Pipe,(20' Pieces)
269,4" PVC Schedule 40 Foam Core Pipe,(20' Pieces)
270,6" PVC Schedule 40 Foam Core Pipe,(20' Pieces)
271,8" PVC Schedule 40 Foam Core Pipe,(20' Pieces)
272,1 1/2" PVC Schedule 40 Foam Core Pipe - Lift (3300 Feet),
273,2" PVC Schedule 40 Foam Core Pipe - Lift (2220 Feet),
274,3" PVC Schedule 40 Foam Core Pipe - Lift (920 Feet),
275,4" PVC Schedule 40 Foam Core Pipe - Lift (1200 Feet),
276,6" PVC Schedule 40 Foam Core Pipe - Lift (560Feet),
277,8" PVC Schedule 40 Foam Core Pipe - Lift,
278,1 1/2" PVC Schedule 40 Solid Core Pipe,(20' Pieces)
279,2" PVC Schedule 40 Solid Core Pipe,(20' Pieces)
280,3" PVC Schedule 40 Solid Core Pipe,(20' Pieces)
281,4" PVC Schedule 40 Solid Core Pipe,(20' Pieces)
282,6" PVC Schedule 40 Solid Core Pipe,(20' Pieces)
283,8" PVC Schedule 40 Solid Core Pipe,(20' Pieces)
284,1 1/2" ABS Schedule 40 Pipe,(20' Pieces)
285,2" ABS Schedule 40 Pipe,(20' Pieces)
286,3/4" HDPE Blue Pipe #200 (CTS) ,(100' roll)
287,3/4" HDPE Blue Pipe #200 (CTS) 3,(300' roll)
288,1" HDPE Blue Pipe #200 (CTS) ,(100' roll)
289,1" HDPE Blue Pipe #200 (CTS) 3,(300' roll)
290,1 1/4" HDPE Blue Pipe #200 (CTS) ,(100' roll)
291,1 1/4" HDPE Blue Pipe #200 (CTS) 3,(300' roll)
292,1 1/2" HDPE Blue Pipe #200 (CTS) ,(100' roll)
293,1 1/2" HDPE Blue Pipe #200 (CTS) 3,(300' roll)
294,2" HDPE Blue Pipe #200 (CTS),(100' roll)
295,2" HDPE Blue Pipe #200 (CTS) 3,(300' roll)
296,1" Pex Press Pipe Black,(20' Pieces)
297,1 1/4" Pex Press Pipe Black,(20' Pieces)
298,1 1/2" Pex Press Pipe Black,(20' Pieces)
299,2" Pex Press Pipe Black,(20' Pieces)
300,1/2" Pex Crimp Pipe - White,(20' Pieces)
301,1/2" Pex Crimp Pipe - Red,(20' Pieces)
302,1/2" Pex Crimp Pipe - White,(1000' Bundle)
303,1/2" Pex Crimp Pipe - Red,(1000' Bundle)
304,3/4" Pex Crimp Pipe - White,(20' Pieces)
305,3/4" Pex Crimp Pipe - Red,(20' Pieces)
306,3/4" Pex Crimp Pipe - White,(500' Bundle)
307,3/4" Pex Crimp Pipe - Red,(500' Bundle)
308,1" Pex Crimp Pipe - White,(20' Pieces)
309,1" Pex Crimp Pipe - White,(100' Bundle)
310,1/2" Pex Crimp Pipe Roll - White ,(100' Roll)
311,1/2" Pex Crimp Pipe Roll - White ,(300' Roll)
312,1/2" Pex Crimp Pipe Roll - White ,(500' Roll)
313,1/2" Pex Crimp Pipe Roll - White ,(1000' Roll)
314,1/2" Pex Crimp Pipe Roll - Red ,(100' Roll)
315,1/2" Pex Crimp Pipe Roll - Red ,(300' Roll)
316,1/2" Pex Crimp Pipe Roll - Red ,(500' Roll)
317,1/2" Pex Crimp Pipe Roll - Red ,(1000' Roll)
318,3/4" Pex Crimp Pipe Roll - White ,(100' Roll)
319,3/4" Pex Crimp Pipe Roll - White ,(300' Roll)
320,3/4" Pex Crimp Pipe Roll - White ,(500' Roll)
321,3/4" Pex Crimp Pipe Roll - Red ,(100' Roll)
322,3/4" Pex Crimp Pipe Roll - Red ,(300' Roll)
323,3/4" Pex Crimp Pipe Roll - Red ,(500' Roll)
324,1" Pex Crimp Pipe Roll - White ,(100' Roll)
325,1" Pex Crimp Pipe Roll - White ,(300' Roll)
326,1" Pex Crimp Pipe Roll - White ,(500' Roll)
327,1 1/2" PVC 90 Elbow,(100 Per Box)
328,1 1/2" PVC 90 Street Elbow,(100 Per Box)
329,1 1/2" PVC 45 Elbow,(100 Per Box)
330,1 1/2" PVC 45 Street Elbow,(100 Per Box)
331,1 1/2" PVC 22 Elbow,(50 Per Box)
332,1 1/2 PVC Sanitary Tee,(100 Per Box)
333,1 1/2" PVC Wye,(50 Per Box)
334,1 1/2" PVC P-Trap ,(25 Per Box)
335,1 1/2" PVC Coupling,(100 Per Box)
336,1 1/2" PVC Tray Plug Adapter,(10 Per Box)
337,2" PVC 90 Elbow,(50 Per Box)
338,2" PVC 90 Street Elbow,(50 Per Box)
339,2" PVC 45 Elbow,(50 Per Box)
340,2" PVC 45 Street Elbow,(50 Per Box)
341,2" PVC 22 Elbow,(25 Per Box)
342,2" PVC Sanitary Tee,(35 Per Box)
343,2" x 2" x 1 1/2" PVC Sanitary Tee,(50 Per Box)
344,2" x 1 1/2" x 1 1/2" PVC Sanitary Tee,(25 Per Box)
345,2" x 1 1/2" x 2" PVC Sanitary Tee,(25 Per Box)
346,2" PVC Cleanout Tee,(20 Per Box)
347,2" PVC Threaded Plug,(20 Per Box)
348,2" PVC Wye,(25 Per Box)
349,2" x 2" x 1 1/2" PVC Wye,(25 Per Box)
350,2" x 1 1/2" x 1 1/2" PVC Wye,(25 Per Box)
351,2" PVC P-Trap,(20 Per Box)
352,2" PVC Coupling,(100 Per Box)
353,2" x 1 1/2" PVC Bushing,(50 Per Box)
354,2" x 2" x 1 1/2" x 1 1/2" PVC Double Sanitary Tee,(20 Per Box)
355,2" x 2" PVC Double Fixture,(20 Per Box)
356,2" x 2" x 1 1/2" x 1 1/2" PVC Double Fixture,(20 Per Box)
357,3" PVC 90 Elbow,(25 Per Box)
358,3" PVC 90 Street Elbow,(20 Per Box)
359,3" PVC 45 Elbow,(20 Per Box)
360,3" PVC 45 Street Elbow,(20 Per Box)
361,3" PVC 22 Elbow,(20 Per Box)
362,3" PVC 22 Street Elbow,(20 Per Box)
363,3" PVC Sanitary Tee,(30 Per Box)
364,3" x 3" x 2" PVC Sanitary Tee,(10 Per Box)
365,3" PVC Cleanout Tee,(10 Per Box)
366,3" PVC Threaded Plug,(25 Per Box)
367,3" PVC Wye,(25 Per Box)
368,3" x 3" x 2" PVC Wye,(25 Per Box)
369,3" PVC Coupling,(60 Per Box)
370,3" x 2" PVC Bushing,(30 Per Box)
371,3" x 2" PVC Bell Reducer,(40 Per Box)
372,3" Backwater Valve w/Sleeve,
373,4" PVC 90 Elbow,(10 Per Box)
374,4" PVC 90 Street Elbow,(10 Per Box)
375,4" PVC 45 Elbow,(10 Per Box)
376,4" PVC 45 Street Elbow,(10 Per Box)
377,4" PVC 22 Elbow,(15 Per Box)
378,4" x 3" PVC Reducing Elbow,(10 Per Box)
379,4" PVC Cleanout Tee,(10 Per Box)
380,4" PVC Threaded Plug,(10 Per Box)
381,4" PVC Wye,(5 Per Box)
382,4" x 4" x 3" PVC Wye,(10 Per Box)
383,4" x 4" x 2" PVC Wye,(10 Per Box)
384,4" PVC Coupling,(25 Per Box)
385,4" x 3" PVC Bushing,(10 Per Box)
386,4" x 3" PVC Bell Reducer,(20 Per Box)
387,4"x 3" PVC Off Set Closet Flange Metal Ring,
388,4"x 3" PVC Closet Flange W/KO & Metal Ring,
389,6" PVC Medium Sweep 90 Elbow,
390,6" PVC 90 Street Elbow,
391,6" PVC 45 Elbow,
392,6" PVC 45 Street Elbow,
393,6" PVC 22 Elbow,
394,6" PVC Wye,
395,6" PVC Coupling,
396,6" x 6" x 4" PVC Wye,
397,6" x 6" x 3" PVC Wye,
398,6" x 4" PVC Bushing,
399,6" PVC Cleanout Tee,
400,6" PVC Threaded Plug,
401,2" PVC Inside Pipe Drain ,(20 Per Box)
402,2" PVC Shower Drain,(12 Per Box)
403,2" Shower Pan Drain,(12 Per Box)
404,2" x 3" Floor Drain,(12 Per Box)
405,4"x 3" Closet Flange W/KO & Metal Ring,
406,2" PVC Shower Drain,(12 Per Box)
407,2" Comp Drain,(20 Per Box)
408,2" x 3" Floor Drain,(20 Per Box)
409,2" Big Floor Drain,
410,4" On-Grade Adjustable Floor Drain w/ Round Nickle Bronze Strainer,
411,4" Adjustable Cleanout w/ Round Nickle Bronze Cover,
412,1/2" Pex Plastic Elbow,(50 Per Bag)
413,1/2" Pex Plastic Tee,(50 Per Bag)
414,1/2" Pex Plastic Coupling,(100 Per Bag)
415,1/2" x 1/2" x 3/4" Pex Plastic Tee,(25 Per Bag)
416,1/2" Pex Plastic Test Plug,(100 Per Bag)
417,1/2" Pex x 1/2" Male Sweat Adapter (Copper),(50 Per Bag)
418,1/2" Pex x 1/2" Female Sweat Adapter (Copper),(50 Per Bag)
419,1/2" Pex Eared Ell,
420,3/4" Pex Plastic Elbow,(25 Per Bag)
421,3/4" Pex Plastic Tee,(25 Per Bag)
422,3/4" Pex Plastic Coupling,(25 Per Bag)
423,3/4" x 1/2" Pex Reducing Coupling,(25 Per Bag)
424,3/4" x 3/4" x 1/2" Pex Plastic Tee,(25 Per Bag)
425,3/4" x 1/2" x 3/4" Pex Plastic Tee,(25 Per Bag)
426,3/4" x 1/2" x 1/2" Pex Plastic Tee,(25 Per Bag)
427,3/4" Pex x 3/4" Male Sweat Adapter,(25 Per Bag)
428,3/4" Pex x 3/4" Female Sweat Adapter,(25 Per Bag)
429,3/4" Pex Plastic Test Plug,(50 Per Bag)
430,1" Pex Plastic Elbow,(10 Per Bag)
431,1" Pex Plastic Tee,(10 Per Bag)
432,1" x 3/4" Pex Reducing Coupling,(10 Per Bag)
433,1" x 1" x 3/4" Pex Plastic Tee,(10 Per Bag)
434,1" x 1" x 1/2" Pex Plastic Tee,(10 Per Bag)
435,1" x 3/4" x 1" Pex Plastic Tee,(10 Per Bag)
436,1" x 3/4" x 3/4" Pex Plastic Tee,(10 Per Bag)
437,1" Pex Plastic Test Plug,(10 Per Bag)
438,1" Pex Plastic Coupling,(10 Per Bag)
439,1/2" female pex adapter threaded,
440,1/2" male pex adapter threaded ,
441,3/4" female pex adapter threaded,
442,3/4" male pex adapter threaded Brass,
443,3/4" male pex adapter threaded plastic,
444,1" female pex adapter threaded,
445,1" male pex adapter threaded,
446,1" Pex x 1" Male Sweat Adapter,(10 Per Bag)
447,1" Pex x 1" Female Sweat Adapter,(10 Per Bag)
448,1/2" Plastic Pipe Isolator,(50 Per Bag)
449,3/4" Plastic Pipe Isolator,(50 Per Bag)
450,1" Plastic Pipe Isolator,(50 Per Bag)
451,1/2" Pex Crimp Ring,(100 Per Bag)
452,3/4" Pex Crimp Ring,(100 Per Bag)
453,1" Pex Crimp Ring,(50 Per Bag)
454,1/2" Tube Talon,(100 Per Bag)
455,3/4" Tube Talon,(100 Per Bag)
456,1" Tube Talon,(50 Per Bag)
457,1 1/4" Pex Press 90 Elbow - Polymer,
458,1 1/4" x 1" x 3/4" Pex Press Tee - Polymer,(5 Per Bag)
459,1 1/4" x 1" x 1" Pex Press Tee - Polymer,(5 Per Bag)
460,1 1/4" x 1 1/4" x 3/4" Pex Press Tee - Polymer,(5 Per Bag)
461,1 1/4" x 1 1/4" x 1" Pex Press Tee - Polymer,(5 Per Bag)
462,1 1/4" Pex Press Tee - Polymer,(5 Per Bag)
463,1 1/4" Pex Press Coupling - Polymer,
464,1 1/4" x 3/4" Pex Press Coupling - Polymer,
465,1 1/4" x 1" Pex Press Coupling - Polymer,
466,1 1/4" Pex Press x Male Pipe Thread Adapter,
467,1 1/4" Pex Press x Female Pipe Thread Adapter,
468,1 1/2" Pex Press 90 Elbow - Polymer,
469,1 1/2" x 1" x 3/4" Pex Press Tee - Polymer,(5 Per Bag)
470,1 1/2" x 1" x 1" Pex Press Tee - Polymer,(5 Per Bag)
471,1 1/2" x 1 1/4" x 3/4" Pex Press Tee - Polymer,(5 Per Bag)
472,1 1/2" x 1 1/4" x 1" Pex Press Tee - Polymer,(5 Per Bag)
473,1 1/2" x 1 1/4" x 1 1/4" Pex Press Tee - Polymer,(5 Per Bag)
474,1 1/2" x 1 1/2" x 3/4" Pex Press Tee - Polymer,(5 Per Bag)
475,1 1/2" x 1 1/2" x 1" Pex Press Tee - Polymer,(5 Per Bag)
476,1 1/2" x 1 1/2" x 1 1/4" Pex Press Tee - Polymer,(5 Per Bag)
477,1 1/2" Pex Press Tee - Polymer,(5 Per Bag)
478,1 1/2" Pex Press Coupling - Polymer,
479,1 1/2" x 1 1/4" Pex Press Coupling - Polymer,
480,1 1/2" x 1" Pex Press Coupling - Polymer,
481,1 1/2" x 3/4" Pex Press Coupling - Polymer,
482,1 1/2" Pex Press x Male Pipe Thread Adapter,
483,1 1/2" Pex Press x Female Pipe Thread Adapter,
484,2" Pex Press 90 Elbow - Polymer,
485,2" x 1 1/2" x 3/4" Pex Press Tee - Polymer,
486,2" x 1 1/2" x 1" Pex Press Tee - Polymer,
487,2" x 1 1/2" x 1 1/4" Pex Press Tee - Polymer,
488,2" x 1 1/2" x 1 1/2" Pex Press Tee - Polymer,
489,2" x 2" x 3/4" Pex Press Tee - Polymer,
490,2" x 2" x 1" Pex Press Tee - Polymer,
491,2" x 2" x 1 1/4" Pex Press Tee - Polymer,
492,2" x 2" x 1 1/2" Pex Press Tee - Polymer,
493,2" Pex Press Tee - Polymer,
494,2" Pex Press Coupling - Polymer,
495,2" x 1 1/2" Pex Press Coupling - Polymer,
496,2" Pex Press x Male Pipe Thread Adapter,
497,2" Pex Press x Female Pipe Thread Adapter,
499,3/4" x 1 1/4" Pex Press x Male Pipe Thread Adapter,
500,1" x 1 1/4" Pex Press x Male Pipe Thread Adapter,
501,1 1/4" Pex Press Test Plug - Polymer,
502,1 1/2" Pex Press Test Plug - Polymer,
503,2" Pex Press Test Plug - Polymer,
504,Solder Roll,(50 Per Case)
505,Soldering Paste - Regular,
506,Soldering Paste - Cold Weather,
507,Soldering Paste - Warm Weather,
508,14 oz Propane Tank,(12 per case)
509,14 oz Mapp Gas Tank,(12 per case)
510,Sand Cloth,
511,Open Mesh Sand Cloth,
512,3/4" Water Pressure Reducing Valve - Sweat,
513,1" Water Pressure Reducing Valve - Sweat,
514,1 1/2" Water Pressure Reducing Valve - Thread,
515,2" Water Pressure Reducing Valve - Thread,
516,3/4" Water Pressure Reducing Valve -  Thread,
517,1" Water Pressure Reducing Valve - Thread,
518,3/4" Water Pressure Reducing Valve -  Pex,
519,1" Water Pressure Reducing Valve - Pex,
520,3/4" Water Pressure Reducing Valve (25AUB Double Port) - Thread,
521,1" Water Pressure Reducing Valve (25AUB Double Port) - Thread,
522,1/2" Ball Valve - Sweat,(40 Per Box)
523,3/4" Ball Valve - Sweat,(25 Per Box)
524,1" Ball Valve - Sweat,(25 Per Box)
525,1/2" Ball Valve - Thread,(40 Per Box)
526,3/4" Ball Valve - Thread,
527,1" Ball Valve - Thread,
528,11/4" Ball Valve - Thread,
529,11/2" Ball Valve - Thread,
530,2" Ball Valve - Thread,
531,1/2" Ball Valve - Pex,
532,3/4" Ball Valve - Pex,
533,1" Ball Valve - Pex,
534,1/2" Boiler Drain,(10 Per Box)
535,3/4" Boiler Drain,(10 Per Box)
536,Washing Machine Box W/Hammer Arrestor - Pex,
537,Washing Machine Box  - Pex,
538,Washing Machine Box W/Hammer Arrestor - Fire Rated,
539,Washing Machine Box  - Fire Rated,
540,Ice Maker Box - Pex,
541,Ice Maker Box - Fire Rated,
542,Tub Waste Chrome  - PVC Innovator,
543,Tub Waste - PVC Innovator Oil rub bronze,
544,Tub Waste - PVC Innovator Brushed nickel,
545,Tub Box,
546,10" Hose Bib pex,
547,8" Hose Bib pex,
548,6" Hose Bib pex,
549,10" Hose Bib Sweat,
550,8" Hose Bib Sweat,
551,6" Hose Bib Sweat,
552,Woodford 22 4" Horizontal Hot/Cold Hose Bib,
553,Woodford 22 10" Vertical Hot/Cold Hose Bib,
554,Woodford Model 22 Trim Plate,
555,1/2" Wall Faucet - Chrome,
556,3/4" Wall Faucet - Chrome,
557,Freezeless Wall Hydrant   ,
558,6" Test Cap (Jim Cap),
559,4" Test Cap (Jim Cap),
560,3" Test Cap (Jim Cap),
561,2" Test Cap (Jim Cap),
562,1 1/2" Test Cap (Jim Cap),
563,6" Test Ball Plug,
564,4" Test Ball Plug,
565,3" Test Ball Plug,
566,2" Test Ball Plug,
567,1 1/2" Test Ball Plug,
568,8" Flexible Coupling,
569,6" Flexible Coupling,
570,4" Flexible Coupling,
571,3" Flexible Coupling,
572,2" Flexible Coupling,
573,1 1/2" Flexible Coupling,
574,1 1/2" Roof Flashings,(12 Per Box)
575,2" Roof Flashings,(12 Per Box)
576,3" Roof Flashings,(12 Per Box)
577,4" Roof Flashings,
578,4" Knock Out,(100 Per Bag)
579,3" Knock Out,(100 Per Bag)
580,2" Knock Out,(100 Per Bag)
581,1 1/2" Knock Out,(100 Per Bag)
582,4" Palmer Pug ,
583,3" Palmer Plug,
584,2" Palmer Plug,
585,1-1/2 DWV HD HIGH PRES PVC CAP,
586,2 DWV HD HIGH PRES PVC CAP,
587,3 DWV HD HIGH PRES PVC CAP,
588,4 DWV HD HIGH PRES PVC CAP,
589,1 1/2" x 2" Knock Out end cap or Cookie,
590,3"x 4" Knock Out end cap or Cookie,
591,7/8" Slotted Unistrut,
592,1 5/8" Slotted Unistrut,
593,3-1/4" Slotted unistrut,
594,3/4" Unistrut Clamp,
595,1" Unistrut Clamp,
596,1-1/4" Unistrut Clamp,
597,1-1/2" Unistrut Clamp,
598,2" Unistrut Clamp,
599,2-1/2" Unistrut Clamp,
600,3" Unistrut Clamp,
601,4" Unistrut Clamp,
602,3/8" All Thread (250 Feet/Tube),(10' Per Length)
603,1/2" All Thread (120 Feet/Tube),(10' Per Length)
604,Nail Plate,(100 Per Box)
605,Nail Plate - 3"x5" (Double),(100 Per Box)
606,1/2" Teflon Tape,(100 Per Box)
607,3/4" Teflon Tape,(70 Per Box)
608,1" Teflon Tape,(100 Per Box)
609,1/2" black foam insulation,396 ft per box
610,3/4" black foam insulation,276 ft per box
611,1" black foam insulation,222 ft per box
612,1 3/8" black foam insulation,180 Ft Box
613,1 5/8" black foam insulation,138 Ft Box
614,Cloth Plumber's Tape,
615,Plastic Pipe Strap,100' Roll
616,1/2" x 1/4" Black Bushing,
617,Weld-On 750 - Red Hot Blue Glue - Quart,12 per box
618,Christy's/IPS Red Hot Blue Glue - Quart,
619,Grey PVC Plastic Pipe Cement,12 per box
620,Purple Primer for PVC Cement,12 per box
621,Grey PVC Plastic Pipe Cement 1 gallon,
622,Purple Primer for PVC Cement 1 gallon ,
623,large roller 7" for gallon can,
624,Clear PVC Cement,
625,Clear Primer for PVC Cement,
626,Plumber's Putty (3#),
627,Plumber's Putty (14 oz.),
628,Box o Rags,
629,Zoeller M53 Mighty-Mate Sump Pump (Iron) 1/3 HP,
630,Zoeller Sewage System Assembled,
631,Zoeller Sewage System Alarm (Apak 10-4021),
632,Zoeller Check Valve 1 1/2" Plastic (For Sump Pump),
633,1 1/2" PVC Male Adapter (For Sump Pump),
634,Zoeller Check Valve 2" Plastic (For Sewer),
635,Grundfos Recirculating Pump w/Timer and Linecord,
